molecular_trait_id	variant	chromosome	position	ref	alt	cs_id	cs_index	finemapped_region	pip	z	cs_min_r2	cs_avg_r2	cs_size	posterior_mean	posterior_sd	cs_log10bf	quant_id	group_id	gene_id	gene_start	gene_end	strand	gene_name	gene_type	gene_version	phenotype_pos	gene_gc_content	intron_start	intron_end	group_start	group_end	gene_count	gene_pos
1:78620571:78628951:clu_6456_-	chr1_78628133_A_G	1	78628133	A	G	1:78620571:78628951:clu_6456_-_L1	L1	chr1:77627954-79627954	0.228509694875236	-12.1704024162734	0.981533550990191	0.993532001639843	6	-0.249195636691952	0.459015384335242	52.7767836914837	clu_6456_-	clu_6456_-	ENSG00000137959	78619902	78646145	1	IFI44L	protein_coding	17	78627954	34.5	78620571	78628951	78620571	78635337	1	78619902
